email,name,regNo,dept,batch_year,password
student1@example.com,Student Name 1,21CSR001,EEE,2025,password123
student2@example.com,Student Name 2,21CSR002,EEE,2025,password123
student3@example.com,Student Name 3,21CSR003,AIML,2025,password123
student4@example.com,Student Name 4,21CSR004,AIDS,2025,password123
student5@example.com,Student Name 5,21CSR005,AIML,2025,password123
student6@example.com,Student Name 6,21CSR006,MECH,2025,password123
student7@example.com,Student Name 7,21CSR007,AIML,2025,password123
student8@example.com,Student Name 8,21CSR008,CIVIL,2025,password123
student9@example.com,Student Name 9,21CSR009,MECH,2025,password123
student10@example.com,Student Name 10,21CSR010,CSE,2025,password123
student11@example.com,Student Name 11,21CSR011,CIVIL,2025,password123
student12@example.com,Student Name 12,21CSR012,ECE,2025,password123
student13@example.com,Student Name 13,21CSR013,ECE,2025,password123
student14@example.com,Student Name 14,21CSR014,CSE,2025,password123
student15@example.com,Student Name 15,21CSR015,ECE,2025,password123
student16@example.com,Student Name 16,21CSR016,CIVIL,2025,password123
student17@example.com,Student Name 17,21CSR017,MECH,2025,password123
student18@example.com,Student Name 18,21CSR018,CSE,2025,password123
student19@example.com,Student Name 19,21CSR019,CSE,2025,password123
student20@example.com,Student Name 20,21CSR020,CSE,2025,password123
student21@example.com,Student Name 21,21CSR021,CIVIL,2025,password123
student22@example.com,Student Name 22,21CSR022,IT,2025,password123
student23@example.com,Student Name 23,21CSR023,MECH,2025,password123
student24@example.com,Student Name 24,21CSR024,IT,2025,password123
student25@example.com,Student Name 25,21CSR025,CSE,2025,password123
student26@example.com,Student Name 26,21CSR026,AIML,2025,password123
student27@example.com,Student Name 27,21CSR027,AIDS,2025,password123
student28@example.com,Student Name 28,21CSR028,IT,2025,password123
student29@example.com,Student Name 29,21CSR029,AIML,2025,password123
student30@example.com,Student Name 30,21CSR030,CSE,2025,password123
student31@example.com,Student Name 31,21CSR031,CIVIL,2025,password123
student32@example.com,Student Name 32,21CSR032,CSE,2025,password123
student33@example.com,Student Name 33,21CSR033,CIVIL,2025,password123
student34@example.com,Student Name 34,21CSR034,EEE,2025,password123
student35@example.com,Student Name 35,21CSR035,ECE,2025,password123
student36@example.com,Student Name 36,21CSR036,ECE,2025,password123
student37@example.com,Student Name 37,21CSR037,MECH,2025,password123
student38@example.com,Student Name 38,21CSR038,AIDS,2025,password123
student39@example.com,Student Name 39,21CSR039,AIML,2025,password123
student40@example.com,Student Name 40,21CSR040,ECE,2025,password123
student41@example.com,Student Name 41,21CSR041,ECE,2025,password123
student42@example.com,Student Name 42,21CSR042,EEE,2025,password123
student43@example.com,Student Name 43,21CSR043,CSE,2025,password123
student44@example.com,Student Name 44,21CSR044,CSE,2025,password123
student45@example.com,Student Name 45,21CSR045,CSE,2025,password123
student46@example.com,Student Name 46,21CSR046,AIDS,2025,password123
student47@example.com,Student Name 47,21CSR047,EEE,2025,password123
student48@example.com,Student Name 48,21CSR048,AIDS,2025,password123
student49@example.com,Student Name 49,21CSR049,AIDS,2025,password123
student50@example.com,Student Name 50,21CSR050,AIML,2025,password123
student51@example.com,Student Name 51,21CSR051,CSE,2025,password123
student52@example.com,Student Name 52,21CSR052,CSE,2025,password123
student53@example.com,Student Name 53,21CSR053,AIDS,2025,password123
student54@example.com,Student Name 54,21CSR054,EEE,2025,password123
student55@example.com,Student Name 55,21CSR055,CIVIL,2025,password123
student56@example.com,Student Name 56,21CSR056,CIVIL,2025,password123
student57@example.com,Student Name 57,21CSR057,MECH,2025,password123
student58@example.com,Student Name 58,21CSR058,ECE,2025,password123
student59@example.com,Student Name 59,21CSR059,EEE,2025,password123
student60@example.com,Student Name 60,21CSR060,CSE,2025,password123
student61@example.com,Student Name 61,21CSR061,MECH,2025,password123
student62@example.com,Student Name 62,21CSR062,CSE,2025,password123
student63@example.com,Student Name 63,21CSR063,EEE,2025,password123
student64@example.com,Student Name 64,21CSR064,AIML,2025,password123
student65@example.com,Student Name 65,21CSR065,EEE,2025,password123
student66@example.com,Student Name 66,21CSR066,AIDS,2025,password123
student67@example.com,Student Name 67,21CSR067,CSE,2025,password123
student68@example.com,Student Name 68,21CSR068,EEE,2025,password123
student69@example.com,Student Name 69,21CSR069,MECH,2025,password123
student70@example.com,Student Name 70,21CSR070,AIML,2025,password123
student71@example.com,Student Name 71,21CSR071,EEE,2025,password123
student72@example.com,Student Name 72,21CSR072,CSE,2025,password123
student73@example.com,Student Name 73,21CSR073,EEE,2025,password123
student74@example.com,Student Name 74,21CSR074,CSE,2025,password123
student75@example.com,Student Name 75,21CSR075,MECH,2025,password123
student76@example.com,Student Name 76,21CSR076,CSE,2025,password123
student77@example.com,Student Name 77,21CSR077,MECH,2025,password123
student78@example.com,Student Name 78,21CSR078,CIVIL,2025,password123
student79@example.com,Student Name 79,21CSR079,CIVIL,2025,password123
student80@example.com,Student Name 80,21CSR080,AIML,2025,password123
student81@example.com,Student Name 81,21CSR081,AIML,2025,password123
student82@example.com,Student Name 82,21CSR082,ECE,2025,password123
student83@example.com,Student Name 83,21CSR083,AIDS,2025,password123
student84@example.com,Student Name 84,21CSR084,EEE,2025,password123
student85@example.com,Student Name 85,21CSR085,CIVIL,2025,password123
student86@example.com,Student Name 86,21CSR086,CIVIL,2025,password123
student87@example.com,Student Name 87,21CSR087,EEE,2025,password123
student88@example.com,Student Name 88,21CSR088,AIDS,2025,password123
student89@example.com,Student Name 89,21CSR089,MECH,2025,password123
student90@example.com,Student Name 90,21CSR090,EEE,2025,password123
student91@example.com,Student Name 91,21CSR091,IT,2025,password123
student92@example.com,Student Name 92,21CSR092,CIVIL,2025,password123
student93@example.com,Student Name 93,21CSR093,CIVIL,2025,password123
student94@example.com,Student Name 94,21CSR094,AIML,2025,password123
student95@example.com,Student Name 95,21CSR095,CIVIL,2025,password123
student96@example.com,Student Name 96,21CSR096,AIDS,2025,password123
student97@example.com,Student Name 97,21CSR097,MECH,2025,password123
student98@example.com,Student Name 98,21CSR098,AIML,2025,password123
student99@example.com,Student Name 99,21CSR099,CIVIL,2025,password123
student100@example.com,Student Name 100,21CSR100,EEE,2025,password123
